{"rmse": 0.6317461032831567, "mae": 0.3991031390134529, "r2": -0.6641791044776126}