{"rmse": 0.43911856269989696, "mae": 0.19282511210762332, "r2": 0.19595841019620963}