{"rmse": 0.6173863614322163, "mae": 0.3811659192825112, "r2": -0.6159420289855075}