{"rmse": 0.44921456117660985, "mae": 0.20179372197309417, "r2": 0.15856112694952162}